,ID,Systolic_peak(x),Max. Slope(c),Time of Max. Slope(t_ms),Prev. point a_ip(d),Time of a_ip(t_ip),Diastolic_peak(y),Dicrotic_notch(z),Pulse_interval(tpi),Systolic_peak_time(t1),Diastolic_peak_time(t2),Dicrotic_notch_time(t3),w,Inflection_point_area_ratio(A2/A1),a1,b1,e1,l1,a2,b2,e2,ta1,tb1,te1,tl1,ta2,tb2,te2,Fundamental_component_frequency(fbase),Fundamental_component_magnitude(|sbase|),2nd_harmonic_frequency(f2nd),2nd_harmonic_magnitude(|s2nd|),3rd_harmonic_frequency(f3rd),3rd_harmonic_magnitude(|s3rd|),Stress-induced_vascular_response_index(sVRI)
0,1,2.315992100434267,1.273795655238847,0.022000000000000002,1.9513227026253726,0.075,2.043675409493079,0.9813444849507186,0.11,0.04,0.06,0.08,5,-1.2850630876617606,298.5514337522766,-97.5205325634891,80.15725748604106,-308.5331177374794,64.68015750845227,-110.47654146234697,-111.76106405630355,0.015,0.04,0.06,0.09,0.05,0.025,0.075,9.375,1.3861836241026742,21.09375,1.1661250256753977,31.640625,0.5125987903319839,1.4726477135496152
1,2,0.8527919626293149,0.46903557944612323,0.02475,-0.6217310528752115,0.1,-0.5390241207918158,-0.6217310528752115,0.12,0.045,0.1,0.105,7,0.043389324430470264,64.96887754879323,-38.806818573097054,16.541386416679128,-18.479744435951527,4.12123978861127,-22.997585793257947,28.621813142450314,0.015,0.055,0.095,0.105,0.06,0.03,0.09,9.375,0.37861219536787877,19.921875,0.14449630018797535,28.90625,0.07146541875096875,0.862566635221929
2,4,1.6841823351148146,0.9263002843131481,0.019250000000000003,0.9383722016381695,0.06,1.0171646958210676,0.9262073387122484,0.1,0.035,0.055,0.065,9,-3.001840147067562,204.75082195774385,-56.1047195036891,15.758498836579626,-205.61252529156405,32.50152336591867,-77.4668190043088,-73.22636315829195,0.01,0.04,0.055,0.08,0.045,0.02,0.065,10.546875,1.0381040446621959,23.4375,0.7051448231347679,34.765625,0.3232563332442979,1.3226710170345692
3,5,1.9278952009538592,1.0603423605246227,0.022000000000000002,0.8412574877044349,0.08,1.0071826530307881,0.23453143804010873,0.12,0.04,0.065,0.085,5,9.217111534383289,208.33594661681457,-97.45453708825703,58.94186856535815,-207.08769444411712,48.25925635221915,-77.83550196360305,-75.31347978119062,0.015,0.045,0.07,0.095,0.055,0.025,0.08,8.59375,0.9344783657689112,19.140625,0.8721582980619366,28.90625,0.36584463450506827,1.199100690251584
